0;0,4
50;0,4
100;0,4
150;0,4
200;0,4
250;0,4
300;0,4
350;0,4
400;0,4
450;0,4
500;0,4
550;0,4
600;0,4
650;0,4
700;0,4
750;0,4
800;0,4
850;0,4
900;0,4
950;0,4
1000;0,4
1050;0,4
1100;0,4
1150;0,4
1200;0,4
1250;0,4
1300;0,4
1350;0,4
1400;0,4
1450;0,4
1500;0,4
1550;0,4
1600;0,4
1650;0,4
1700;0,4
1750;0,4
1800;0,4
1850;0,4
1900;0,4
1950;0,4
2000;0,4
2050;0,4
2100;0,4
2150;0,4
2200;0,4
2250;0,4
2300;0,4
2350;0,4
2400;0,4
2450;0,4
2500;0,4
2550;0,4
2600;0,4
2650;0,4
2700;0,4
2750;0,4
2800;0,4
2850;0,4
2900;0,4
2950;0,4
3000;0,4
3050;0,4
3100;0,4
3150;0,4
3200;0,4
3250;0,4
3300;0,4
3350;0,4
3400;0,4
3450;0,4
3500;0,4
3550;0,4
3600;0,4
3650;0,4
3700;0,4
3750;0,4
3800;0,4
3850;0,4
3900;0,4
3950;0,4
4000;0,4
4050;0,4
4100;0,4
4150;0,4
4200;0,4
4250;0,4
4300;0,4
4350;0,4
4400;0,4
4450;0,4
4500;0,4
4550;0,4
4600;0,4
4650;0,4
4700;0,4
4750;0,4
4800;0,4
4850;0,4
4900;0,4
4950;0,4
0;50,4
50;50,0
100;50,0
150;50,0
200;50,0
250;50,0
300;50,0
350;50,0
400;50,0
450;50,0
500;50,0
550;50,0
600;50,0
650;50,0
700;50,0
750;50,0
800;50,0
850;50,0
900;50,0
950;50,0
1000;50,0
1050;50,0
1100;50,0
1150;50,0
1200;50,0
1250;50,0
1300;50,0
1350;50,0
1400;50,0
1450;50,0
1500;50,0
1550;50,0
1600;50,0
1650;50,0
1700;50,0
1750;50,0
1800;50,0
1850;50,0
1900;50,0
1950;50,0
2000;50,0
2050;50,0
2100;50,0
2150;50,0
2200;50,0
2250;50,0
2300;50,0
2350;50,0
2400;50,0
2450;50,0
2500;50,0
2550;50,0
2600;50,0
2650;50,0
2700;50,0
2750;50,0
2800;50,0
2850;50,0
2900;50,0
2950;50,0
3000;50,0
3050;50,0
3100;50,0
3150;50,0
3200;50,0
3250;50,0
3300;50,0
3350;50,0
3400;50,0
3450;50,0
3500;50,0
3550;50,0
3600;50,0
3650;50,0
3700;50,0
3750;50,0
3800;50,0
3850;50,0
3900;50,0
3950;50,0
4000;50,0
4050;50,0
4100;50,0
4150;50,0
4200;50,0
4250;50,0
4300;50,0
4350;50,0
4400;50,0
4450;50,0
4500;50,0
4550;50,0
4600;50,0
4650;50,0
4700;50,0
4750;50,0
4800;50,0
4850;50,0
4900;50,0
4950;50,4
0;100,4
50;100,0
100;100,0
150;100,0
200;100,0
250;100,0
300;100,0
350;100,0
400;100,0
450;100,0
500;100,0
550;100,0
600;100,0
650;100,0
700;100,0
750;100,0
800;100,0
850;100,0
900;100,0
950;100,0
1000;100,0
1050;100,0
1100;100,0
1150;100,0
1200;100,0
1250;100,0
1300;100,0
1350;100,0
1400;100,0
1450;100,0
1500;100,0
1550;100,0
1600;100,0
1650;100,0
1700;100,0
1750;100,0
1800;100,0
1850;100,0
1900;100,0
1950;100,0
2000;100,0
2050;100,0
2100;100,0
2150;100,0
2200;100,0
2250;100,0
2300;100,0
2350;100,0
2400;100,0
2450;100,0
2500;100,0
2550;100,0
2600;100,0
2650;100,0
2700;100,0
2750;100,0
2800;100,0
2850;100,0
2900;100,0
2950;100,0
3000;100,0
3050;100,0
3100;100,0
3150;100,0
3200;100,0
3250;100,0
3300;100,0
3350;100,0
3400;100,0
3450;100,0
3500;100,0
3550;100,0
3600;100,0
3650;100,0
3700;100,0
3750;100,0
3800;100,0
3850;100,0
3900;100,0
3950;100,0
4000;100,0
4050;100,0
4100;100,0
4150;100,0
4200;100,0
4250;100,0
4300;100,0
4350;100,0
4400;100,0
4450;100,0
4500;100,0
4550;100,0
4600;100,0
4650;100,0
4700;100,0
4750;100,0
4800;100,0
4850;100,0
4900;100,0
4950;100,4
0;150,4
50;150,0
100;150,0
150;150,0
200;150,0
250;150,0
300;150,0
350;150,0
400;150,0
450;150,0
500;150,0
550;150,0
600;150,0
650;150,0
700;150,0
750;150,0
800;150,0
850;150,0
900;150,0
950;150,0
1000;150,0
1050;150,0
1100;150,0
1150;150,0
1200;150,0
1250;150,0
1300;150,0
1350;150,0
1400;150,0
1450;150,0
1500;150,0
1550;150,0
1600;150,0
1650;150,0
1700;150,0
1750;150,0
1800;150,0
1850;150,0
1900;150,0
1950;150,0
2000;150,0
2050;150,0
2100;150,0
2150;150,0
2200;150,0
2250;150,0
2300;150,0
2350;150,0
2400;150,0
2450;150,0
2500;150,0
2550;150,0
2600;150,0
2650;150,0
2700;150,0
2750;150,0
2800;150,0
2850;150,0
2900;150,0
2950;150,0
3000;150,0
3050;150,0
3100;150,0
3150;150,0
3200;150,0
3250;150,0
3300;150,0
3350;150,0
3400;150,0
3450;150,0
3500;150,0
3550;150,0
3600;150,0
3650;150,0
3700;150,0
3750;150,0
3800;150,0
3850;150,0
3900;150,0
3950;150,0
4000;150,0
4050;150,0
4100;150,0
4150;150,0
4200;150,0
4250;150,0
4300;150,0
4350;150,0
4400;150,0
4450;150,0
4500;150,0
4550;150,0
4600;150,0
4650;150,0
4700;150,0
4750;150,0
4800;150,0
4850;150,0
4900;150,0
4950;150,4
0;200,4
50;200,0
100;200,0
150;200,0
200;200,0
250;200,0
300;200,0
350;200,0
400;200,0
450;200,0
500;200,0
550;200,0
600;200,0
650;200,0
700;200,0
750;200,0
800;200,0
850;200,0
900;200,0
950;200,0
1000;200,0
1050;200,0
1100;200,0
1150;200,0
1200;200,0
1250;200,0
1300;200,0
1350;200,0
1400;200,0
1450;200,0
1500;200,0
1550;200,0
1600;200,0
1650;200,0
1700;200,0
1750;200,0
1800;200,0
1850;200,0
1900;200,0
1950;200,0
2000;200,0
2050;200,0
2100;200,0
2150;200,0
2200;200,0
2250;200,0
2300;200,0
2350;200,0
2400;200,0
2450;200,0
2500;200,0
2550;200,0
2600;200,0
2650;200,0
2700;200,0
2750;200,0
2800;200,0
2850;200,0
2900;200,0
2950;200,0
3000;200,0
3050;200,0
3100;200,0
3150;200,0
3200;200,0
3250;200,0
3300;200,0
3350;200,0
3400;200,0
3450;200,0
3500;200,0
3550;200,0
3600;200,0
3650;200,0
3700;200,0
3750;200,0
3800;200,0
3850;200,0
3900;200,0
3950;200,0
4000;200,0
4050;200,0
4100;200,0
4150;200,0
4200;200,0
4250;200,0
4300;200,0
4350;200,0
4400;200,0
4450;200,0
4500;200,0
4550;200,0
4600;200,0
4650;200,0
4700;200,0
4750;200,0
4800;200,0
4850;200,0
4900;200,0
4950;200,4
0;250,4
50;250,0
100;250,0
150;250,0
200;250,0
250;250,0
300;250,0
350;250,0
400;250,0
450;250,0
500;250,0
550;250,0
600;250,0
650;250,0
700;250,0
750;250,0
800;250,0
850;250,0
900;250,0
950;250,0
1000;250,0
1050;250,0
1100;250,0
1150;250,0
1200;250,0
1250;250,0
1300;250,0
1350;250,0
1400;250,0
1450;250,0
1500;250,0
1550;250,0
1600;250,0
1650;250,0
1700;250,0
1750;250,0
1800;250,0
1850;250,0
1900;250,0
1950;250,0
2000;250,0
2050;250,0
2100;250,0
2150;250,0
2200;250,0
2250;250,0
2300;250,0
2350;250,0
2400;250,0
2450;250,0
2500;250,0
2550;250,0
2600;250,0
2650;250,0
2700;250,0
2750;250,0
2800;250,0
2850;250,0
2900;250,0
2950;250,0
3000;250,0
3050;250,0
3100;250,0
3150;250,0
3200;250,0
3250;250,0
3300;250,0
3350;250,0
3400;250,0
3450;250,0
3500;250,0
3550;250,0
3600;250,0
3650;250,0
3700;250,0
3750;250,0
3800;250,0
3850;250,0
3900;250,0
3950;250,0
4000;250,0
4050;250,0
4100;250,0
4150;250,0
4200;250,0
4250;250,0
4300;250,0
4350;250,0
4400;250,0
4450;250,0
4500;250,0
4550;250,0
4600;250,0
4650;250,0
4700;250,0
4750;250,0
4800;250,0
4850;250,0
4900;250,0
4950;250,4
0;300,4
50;300,0
100;300,0
150;300,0
200;300,0
250;300,0
300;300,0
350;300,0
400;300,0
450;300,0
500;300,0
550;300,0
600;300,0
650;300,0
700;300,0
750;300,0
800;300,0
850;300,0
900;300,0
950;300,0
1000;300,0
1050;300,0
1100;300,0
1150;300,0
1200;300,0
1250;300,0
1300;300,0
1350;300,0
1400;300,0
1450;300,0
1500;300,0
1550;300,0
1600;300,0
1650;300,0
1700;300,0
1750;300,0
1800;300,0
1850;300,0
1900;300,0
1950;300,0
2000;300,0
2050;300,0
2100;300,0
2150;300,0
2200;300,0
2250;300,0
2300;300,0
2350;300,0
2400;300,0
2450;300,0
2500;300,0
2550;300,0
2600;300,0
2650;300,0
2700;300,0
2750;300,0
2800;300,0
2850;300,0
2900;300,0
2950;300,0
3000;300,0
3050;300,0
3100;300,0
3150;300,0
3200;300,0
3250;300,0
3300;300,0
3350;300,0
3400;300,0
3450;300,0
3500;300,0
3550;300,0
3600;300,0
3650;300,0
3700;300,0
3750;300,0
3800;300,0
3850;300,0
3900;300,0
3950;300,0
4000;300,0
4050;300,0
4100;300,0
4150;300,0
4200;300,0
4250;300,0
4300;300,0
4350;300,0
4400;300,0
4450;300,0
4500;300,0
4550;300,0
4600;300,0
4650;300,0
4700;300,0
4750;300,0
4800;300,0
4850;300,0
4900;300,0
4950;300,4
0;350,4
50;350,0
100;350,0
150;350,0
200;350,0
250;350,0
300;350,0
350;350,0
400;350,0
450;350,0
500;350,0
550;350,0
600;350,0
650;350,0
700;350,0
750;350,0
800;350,0
850;350,0
900;350,0
950;350,0
1000;350,0
1050;350,0
1100;350,0
1150;350,0
1200;350,0
1250;350,0
1300;350,0
1350;350,0
1400;350,0
1450;350,0
1500;350,0
1550;350,0
1600;350,0
1650;350,0
1700;350,0
1750;350,0
1800;350,0
1850;350,0
1900;350,0
1950;350,0
2000;350,0
2050;350,0
2100;350,0
2150;350,0
2200;350,0
2250;350,0
2300;350,0
2350;350,0
2400;350,0
2450;350,0
2500;350,0
2550;350,0
2600;350,0
2650;350,0
2700;350,0
2750;350,0
2800;350,0
2850;350,0
2900;350,0
2950;350,0
3000;350,0
3050;350,0
3100;350,0
3150;350,0
3200;350,0
3250;350,0
3300;350,0
3350;350,0
3400;350,0
3450;350,0
3500;350,0
3550;350,0
3600;350,0
3650;350,0
3700;350,0
3750;350,0
3800;350,0
3850;350,0
3900;350,0
3950;350,0
4000;350,0
4050;350,0
4100;350,0
4150;350,0
4200;350,0
4250;350,0
4300;350,0
4350;350,0
4400;350,0
4450;350,0
4500;350,0
4550;350,0
4600;350,0
4650;350,0
4700;350,0
4750;350,0
4800;350,0
4850;350,0
4900;350,0
4950;350,4
0;400,4
50;400,0
100;400,0
150;400,0
200;400,0
250;400,0
300;400,0
350;400,0
400;400,0
450;400,0
500;400,0
550;400,0
600;400,0
650;400,0
700;400,0
750;400,0
800;400,0
850;400,0
900;400,0
950;400,0
1000;400,0
1050;400,0
1100;400,0
1150;400,0
1200;400,0
1250;400,0
1300;400,0
1350;400,0
1400;400,0
1450;400,0
1500;400,0
1550;400,0
1600;400,0
1650;400,0
1700;400,0
1750;400,0
1800;400,0
1850;400,0
1900;400,0
1950;400,0
2000;400,0
2050;400,0
2100;400,0
2150;400,0
2200;400,0
2250;400,0
2300;400,0
2350;400,0
2400;400,0
2450;400,0
2500;400,0
2550;400,0
2600;400,0
2650;400,0
2700;400,0
2750;400,0
2800;400,0
2850;400,0
2900;400,0
2950;400,0
3000;400,0
3050;400,0
3100;400,0
3150;400,0
3200;400,0
3250;400,0
3300;400,0
3350;400,0
3400;400,0
3450;400,0
3500;400,0
3550;400,0
3600;400,0
3650;400,0
3700;400,0
3750;400,0
3800;400,0
3850;400,0
3900;400,0
3950;400,0
4000;400,0
4050;400,0
4100;400,0
4150;400,0
4200;400,0
4250;400,0
4300;400,0
4350;400,0
4400;400,0
4450;400,0
4500;400,0
4550;400,0
4600;400,0
4650;400,0
4700;400,0
4750;400,0
4800;400,0
4850;400,0
4900;400,0
4950;400,4
0;450,4
50;450,0
100;450,0
150;450,0
200;450,0
250;450,0
300;450,0
350;450,0
400;450,0
450;450,0
500;450,0
550;450,0
600;450,0
650;450,0
700;450,0
750;450,0
800;450,0
850;450,0
900;450,0
950;450,0
1000;450,0
1050;450,0
1100;450,0
1150;450,0
1200;450,0
1250;450,0
1300;450,0
1350;450,0
1400;450,0
1450;450,0
1500;450,0
1550;450,0
1600;450,0
1650;450,0
1700;450,0
1750;450,0
1800;450,0
1850;450,0
1900;450,0
1950;450,0
2000;450,0
2050;450,0
2100;450,0
2150;450,0
2200;450,0
2250;450,0
2300;450,0
2350;450,0
2400;450,0
2450;450,0
2500;450,0
2550;450,0
2600;450,0
2650;450,0
2700;450,0
2750;450,0
2800;450,0
2850;450,0
2900;450,0
2950;450,0
3000;450,0
3050;450,0
3100;450,0
3150;450,0
3200;450,0
3250;450,0
3300;450,0
3350;450,0
3400;450,0
3450;450,0
3500;450,0
3550;450,0
3600;450,0
3650;450,0
3700;450,0
3750;450,0
3800;450,0
3850;450,0
3900;450,0
3950;450,0
4000;450,0
4050;450,0
4100;450,0
4150;450,0
4200;450,0
4250;450,0
4300;450,0
4350;450,0
4400;450,0
4450;450,0
4500;450,0
4550;450,0
4600;450,0
4650;450,0
4700;450,0
4750;450,0
4800;450,0
4850;450,0
4900;450,0
4950;450,4
0;500,4
50;500,0
100;500,0
150;500,0
200;500,0
250;500,0
300;500,0
350;500,0
400;500,0
450;500,0
500;500,0
550;500,0
600;500,0
650;500,0
700;500,0
750;500,0
800;500,0
850;500,0
900;500,0
950;500,0
1000;500,0
1050;500,0
1100;500,0
1150;500,0
1200;500,0
1250;500,0
1300;500,0
1350;500,0
1400;500,0
1450;500,0
1500;500,0
1550;500,0
1600;500,0
1650;500,0
1700;500,0
1750;500,0
1800;500,0
1850;500,0
1900;500,0
1950;500,0
2000;500,0
2050;500,0
2100;500,0
2150;500,0
2200;500,0
2250;500,0
2300;500,0
2350;500,0
2400;500,0
2450;500,0
2500;500,0
2550;500,0
2600;500,0
2650;500,0
2700;500,0
2750;500,0
2800;500,0
2850;500,0
2900;500,0
2950;500,0
3000;500,0
3050;500,0
3100;500,0
3150;500,0
3200;500,0
3250;500,0
3300;500,0
3350;500,0
3400;500,0
3450;500,0
3500;500,0
3550;500,1
3600;500,1
3650;500,0
3700;500,0
3750;500,0
3800;500,0
3850;500,0
3900;500,0
3950;500,0
4000;500,0
4050;500,0
4100;500,0
4150;500,0
4200;500,0
4250;500,0
4300;500,0
4350;500,0
4400;500,0
4450;500,0
4500;500,0
4550;500,0
4600;500,0
4650;500,0
4700;500,0
4750;500,0
4800;500,0
4850;500,0
4900;500,0
4950;500,4
0;550,4
50;550,0
100;550,0
150;550,0
200;550,0
250;550,0
300;550,0
350;550,0
400;550,0
450;550,0
500;550,0
550;550,0
600;550,0
650;550,0
700;550,0
750;550,0
800;550,0
850;550,0
900;550,0
950;550,0
1000;550,0
1050;550,0
1100;550,0
1150;550,0
1200;550,0
1250;550,0
1300;550,0
1350;550,0
1400;550,0
1450;550,0
1500;550,0
1550;550,0
1600;550,0
1650;550,0
1700;550,0
1750;550,0
1800;550,0
1850;550,0
1900;550,0
1950;550,0
2000;550,0
2050;550,0
2100;550,0
2150;550,0
2200;550,0
2250;550,0
2300;550,0
2350;550,0
2400;550,0
2450;550,0
2500;550,0
2550;550,0
2600;550,0
2650;550,0
2700;550,0
2750;550,0
2800;550,0
2850;550,0
2900;550,0
2950;550,0
3000;550,0
3050;550,0
3100;550,0
3150;550,0
3200;550,0
3250;550,0
3300;550,0
3350;550,0
3400;550,0
3450;550,0
3500;550,1
3550;550,1
3600;550,1
3650;550,1
3700;550,1
3750;550,0
3800;550,0
3850;550,0
3900;550,0
3950;550,0
4000;550,0
4050;550,0
4100;550,0
4150;550,0
4200;550,0
4250;550,0
4300;550,0
4350;550,0
4400;550,0
4450;550,0
4500;550,0
4550;550,0
4600;550,0
4650;550,0
4700;550,0
4750;550,0
4800;550,0
4850;550,0
4900;550,0
4950;550,4
0;600,4
50;600,0
100;600,0
150;600,0
200;600,0
250;600,0
300;600,0
350;600,0
400;600,0
450;600,0
500;600,0
550;600,0
600;600,0
650;600,0
700;600,0
750;600,0
800;600,0
850;600,0
900;600,0
950;600,0
1000;600,0
1050;600,0
1100;600,0
1150;600,0
1200;600,0
1250;600,0
1300;600,0
1350;600,0
1400;600,0
1450;600,0
1500;600,0
1550;600,0
1600;600,0
1650;600,0
1700;600,0
1750;600,0
1800;600,0
1850;600,0
1900;600,0
1950;600,0
2000;600,0
2050;600,0
2100;600,0
2150;600,0
2200;600,0
2250;600,0
2300;600,0
2350;600,0
2400;600,0
2450;600,0
2500;600,0
2550;600,0
2600;600,0
2650;600,0
2700;600,0
2750;600,0
2800;600,0
2850;600,0
2900;600,0
2950;600,0
3000;600,0
3050;600,0
3100;600,0
3150;600,0
3200;600,0
3250;600,0
3300;600,0
3350;600,0
3400;600,0
3450;600,1
3500;600,1
3550;600,1
3600;600,1
3650;600,1
3700;600,1
3750;600,0
3800;600,0
3850;600,0
3900;600,0
3950;600,0
4000;600,0
4050;600,0
4100;600,0
4150;600,0
4200;600,0
4250;600,0
4300;600,0
4350;600,0
4400;600,0
4450;600,0
4500;600,0
4550;600,0
4600;600,0
4650;600,0
4700;600,0
4750;600,0
4800;600,0
4850;600,0
4900;600,0
4950;600,4
0;650,4
50;650,0
100;650,0
150;650,0
200;650,0
250;650,0
300;650,0
350;650,0
400;650,0
450;650,0
500;650,0
550;650,0
600;650,0
650;650,0
700;650,0
750;650,0
800;650,0
850;650,0
900;650,0
950;650,0
1000;650,0
1050;650,0
1100;650,0
1150;650,0
1200;650,0
1250;650,0
1300;650,0
1350;650,0
1400;650,0
1450;650,0
1500;650,0
1550;650,0
1600;650,0
1650;650,0
1700;650,0
1750;650,0
1800;650,0
1850;650,0
1900;650,0
1950;650,0
2000;650,0
2050;650,0
2100;650,0
2150;650,0
2200;650,0
2250;650,0
2300;650,0
2350;650,0
2400;650,0
2450;650,0
2500;650,0
2550;650,0
2600;650,0
2650;650,0
2700;650,0
2750;650,0
2800;650,0
2850;650,0
2900;650,0
2950;650,0
3000;650,0
3050;650,0
3100;650,0
3150;650,0
3200;650,0
3250;650,0
3300;650,0
3350;650,0
3400;650,1
3450;650,1
3500;650,1
3550;650,1
3600;650,1
3650;650,1
3700;650,1
3750;650,1
3800;650,0
3850;650,0
3900;650,0
3950;650,0
4000;650,0
4050;650,0
4100;650,0
4150;650,0
4200;650,0
4250;650,0
4300;650,0
4350;650,0
4400;650,0
4450;650,0
4500;650,0
4550;650,0
4600;650,0
4650;650,0
4700;650,0
4750;650,0
4800;650,0
4850;650,0
4900;650,0
4950;650,4
0;700,4
50;700,0
100;700,0
150;700,0
200;700,0
250;700,0
300;700,0
350;700,0
400;700,0
450;700,0
500;700,0
550;700,0
600;700,0
650;700,0
700;700,0
750;700,0
800;700,0
850;700,0
900;700,0
950;700,0
1000;700,0
1050;700,0
1100;700,0
1150;700,0
1200;700,0
1250;700,0
1300;700,0
1350;700,0
1400;700,0
1450;700,0
1500;700,0
1550;700,0
1600;700,0
1650;700,0
1700;700,0
1750;700,0
1800;700,0
1850;700,0
1900;700,0
1950;700,0
2000;700,0
2050;700,0
2100;700,0
2150;700,0
2200;700,0
2250;700,0
2300;700,0
2350;700,0
2400;700,1
2450;700,1
2500;700,1
2550;700,0
2600;700,0
2650;700,0
2700;700,0
2750;700,0
2800;700,0
2850;700,0
2900;700,0
2950;700,0
3000;700,0
3050;700,0
3100;700,0
3150;700,0
3200;700,0
3250;700,0
3300;700,0
3350;700,1
3400;700,1
3450;700,1
3500;700,1
3550;700,1
3600;700,1
3650;700,1
3700;700,1
3750;700,1
3800;700,1
3850;700,0
3900;700,0
3950;700,0
4000;700,0
4050;700,0
4100;700,0
4150;700,0
4200;700,0
4250;700,0
4300;700,0
4350;700,0
4400;700,0
4450;700,0
4500;700,0
4550;700,0
4600;700,0
4650;700,0
4700;700,0
4750;700,0
4800;700,0
4850;700,0
4900;700,0
4950;700,4
0;750,4
50;750,0
100;750,0
150;750,0
200;750,0
250;750,0
300;750,0
350;750,0
400;750,0
450;750,0
500;750,0
550;750,0
600;750,0
650;750,0
700;750,0
750;750,0
800;750,0
850;750,0
900;750,0
950;750,0
1000;750,0
1050;750,0
1100;750,0
1150;750,0
1200;750,0
1250;750,0
1300;750,0
1350;750,0
1400;750,0
1450;750,0
1500;750,0
1550;750,0
1600;750,0
1650;750,0
1700;750,0
1750;750,0
1800;750,0
1850;750,0
1900;750,0
1950;750,0
2000;750,0
2050;750,0
2100;750,0
2150;750,0
2200;750,0
2250;750,0
2300;750,1
2350;750,1
2400;750,1
2450;750,1
2500;750,1
2550;750,1
2600;750,1
2650;750,1
2700;750,0
2750;750,0
2800;750,0
2850;750,0
2900;750,0
2950;750,0
3000;750,0
3050;750,0
3100;750,0
3150;750,0
3200;750,0
3250;750,0
3300;750,1
3350;750,1
3400;750,1
3450;750,1
3500;750,1
3550;750,1
3600;750,1
3650;750,1
3700;750,1
3750;750,1
3800;750,1
3850;750,0
3900;750,0
3950;750,0
4000;750,0
4050;750,0
4100;750,0
4150;750,0
4200;750,0
4250;750,0
4300;750,0
4350;750,0
4400;750,0
4450;750,0
4500;750,0
4550;750,0
4600;750,0
4650;750,0
4700;750,0
4750;750,0
4800;750,1
4850;750,1
4900;750,1
4950;750,4
0;800,4
50;800,0
100;800,0
150;800,0
200;800,0
250;800,0
300;800,0
350;800,0
400;800,0
450;800,0
500;800,0
550;800,0
600;800,0
650;800,0
700;800,0
750;800,0
800;800,0
850;800,0
900;800,0
950;800,0
1000;800,0
1050;800,0
1100;800,0
1150;800,0
1200;800,0
1250;800,0
1300;800,0
1350;800,0
1400;800,0
1450;800,0
1500;800,0
1550;800,0
1600;800,0
1650;800,0
1700;800,0
1750;800,0
1800;800,0
1850;800,0
1900;800,0
1950;800,0
2000;800,0
2050;800,0
2100;800,0
2150;800,0
2200;800,0
2250;800,1
2300;800,1
2350;800,1
2400;800,1
2450;800,1
2500;800,1
2550;800,1
2600;800,1
2650;800,1
2700;800,1
2750;800,1
2800;800,1
2850;800,0
2900;800,0
2950;800,0
3000;800,0
3050;800,1
3100;800,0
3150;800,0
3200;800,1
3250;800,1
3300;800,1
3350;800,1
3400;800,1
3450;800,1
3500;800,1
3550;800,1
3600;800,1
3650;800,1
3700;800,1
3750;800,1
3800;800,1
3850;800,1
3900;800,0
3950;800,0
4000;800,0
4050;800,0
4100;800,0
4150;800,0
4200;800,0
4250;800,0
4300;800,0
4350;800,0
4400;800,0
4450;800,0
4500;800,0
4550;800,0
4600;800,0
4650;800,0
4700;800,0
4750;800,1
4800;800,1
4850;800,1
4900;800,1
4950;800,4
0;850,4
50;850,0
100;850,0
150;850,0
200;850,0
250;850,0
300;850,0
350;850,0
400;850,0
450;850,0
500;850,0
550;850,0
600;850,0
650;850,0
700;850,0
750;850,0
800;850,0
850;850,0
900;850,0
950;850,0
1000;850,0
1050;850,0
1100;850,0
1150;850,0
1200;850,0
1250;850,0
1300;850,0
1350;850,0
1400;850,0
1450;850,0
1500;850,0
1550;850,0
1600;850,0
1650;850,0
1700;850,0
1750;850,0
1800;850,0
1850;850,0
1900;850,0
1950;850,0
2000;850,0
2050;850,0
2100;850,0
2150;850,0
2200;850,1
2250;850,1
2300;850,1
2350;850,1
2400;850,1
2450;850,1
2500;850,1
2550;850,1
2600;850,1
2650;850,1
2700;850,1
2750;850,1
2800;850,1
2850;850,1
2900;850,1
2950;850,2
3000;850,2
3050;850,1
3100;850,1
3150;850,1
3200;850,1
3250;850,1
3300;850,1
3350;850,1
3400;850,1
3450;850,1
3500;850,1
3550;850,1
3600;850,1
3650;850,1
3700;850,1
3750;850,1
3800;850,1
3850;850,1
3900;850,1
3950;850,0
4000;850,0
4050;850,0
4100;850,0
4150;850,0
4200;850,0
4250;850,0
4300;850,0
4350;850,0
4400;850,0
4450;850,0
4500;850,0
4550;850,0
4600;850,0
4650;850,0
4700;850,1
4750;850,1
4800;850,1
4850;850,1
4900;850,1
4950;850,4
0;900,4
50;900,0
100;900,0
150;900,0
200;900,0
250;900,0
300;900,0
350;900,0
400;900,0
450;900,0
500;900,0
550;900,0
600;900,0
650;900,0
700;900,0
750;900,0
800;900,0
850;900,0
900;900,0
950;900,0
1000;900,0
1050;900,0
1100;900,1
1150;900,1
1200;900,1
1250;900,1
1300;900,1
1350;900,0
1400;900,0
1450;900,0
1500;900,0
1550;900,0
1600;900,0
1650;900,0
1700;900,0
1750;900,0
1800;900,0
1850;900,0
1900;900,0
1950;900,0
2000;900,0
2050;900,0
2100;900,0
2150;900,1
2200;900,1
2250;900,1
2300;900,1
2350;900,1
2400;900,1
2450;900,1
2500;900,1
2550;900,1
2600;900,1
2650;900,1
2700;900,1
2750;900,1
2800;900,1
2850;900,1
2900;900,1
2950;900,1
3000;900,1
3050;900,1
3100;900,1
3150;900,1
3200;900,1
3250;900,1
3300;900,1
3350;900,1
3400;900,1
3450;900,1
3500;900,1
3550;900,1
3600;900,1
3650;900,1
3700;900,1
3750;900,1
3800;900,1
3850;900,1
3900;900,1
3950;900,1
4000;900,1
4050;900,1
4100;900,0
4150;900,0
4200;900,0
4250;900,0
4300;900,0
4350;900,0
4400;900,0
4450;900,0
4500;900,0
4550;900,0
4600;900,0
4650;900,1
4700;900,1
4750;900,1
4800;900,1
4850;900,1
4900;900,1
4950;900,4
0;950,4
50;950,0
100;950,0
150;950,0
200;950,0
250;950,0
300;950,0
350;950,0
400;950,0
450;950,0
500;950,0
550;950,0
600;950,0
650;950,0
700;950,0
750;950,0
800;950,0
850;950,0
900;950,1
950;950,1
1000;950,1
1050;950,1
1100;950,1
1150;950,1
1200;950,1
1250;950,1
1300;950,1
1350;950,1
1400;950,1
1450;950,1
1500;950,1
1550;950,0
1600;950,0
1650;950,0
1700;950,0
1750;950,0
1800;950,0
1850;950,0
1900;950,0
1950;950,0
2000;950,1
2050;950,1
2100;950,1
2150;950,1
2200;950,1
2250;950,1
2300;950,1
2350;950,1
2400;950,1
2450;950,1
2500;950,1
2550;950,1
2600;950,1
2650;950,1
2700;950,1
2750;950,1
2800;950,1
2850;950,1
2900;950,1
2950;950,1
3000;950,1
3050;950,1
3100;950,1
3150;950,1
3200;950,1
3250;950,1
3300;950,1
3350;950,1
3400;950,1
3450;950,1
3500;950,1
3550;950,1
3600;950,1
3650;950,1
3700;950,1
3750;950,1
3800;950,1
3850;950,1
3900;950,1
3950;950,1
4000;950,1
4050;950,1
4100;950,1
4150;950,1
4200;950,0
4250;950,0
4300;950,0
4350;950,0
4400;950,0
4450;950,0
4500;950,0
4550;950,0
4600;950,1
4650;950,1
4700;950,1
4750;950,1
4800;950,1
4850;950,1
4900;950,1
4950;950,4
0;1000,4
50;1000,0
100;1000,0
150;1000,0
200;1000,0
250;1000,0
300;1000,0
350;1000,0
400;1000,0
450;1000,0
500;1000,0
550;1000,0
600;1000,0
650;1000,0
700;1000,0
750;1000,0
800;1000,0
850;1000,1
900;1000,1
950;1000,1
1000;1000,1
1050;1000,1
1100;1000,1
1150;1000,1
1200;1000,1
1250;1000,1
1300;1000,1
1350;1000,1
1400;1000,1
1450;1000,1
1500;1000,1
1550;1000,1
1600;1000,1
1650;1000,1
1700;1000,1
1750;1000,1
1800;1000,1
1850;1000,1
1900;1000,1
1950;1000,1
2000;1000,1
2050;1000,1
2100;1000,1
2150;1000,1
2200;1000,1
2250;1000,1
2300;1000,1
2350;1000,1
2400;1000,1
2450;1000,1
2500;1000,1
2550;1000,1
2600;1000,1
2650;1000,1
2700;1000,1
2750;1000,1
2800;1000,1
2850;1000,1
2900;1000,1
2950;1000,1
3000;1000,1
3050;1000,1
3100;1000,1
3150;1000,1
3200;1000,1
3250;1000,1
3300;1000,1
3350;1000,1
3400;1000,1
3450;1000,1
3500;1000,1
3550;1000,1
3600;1000,1
3650;1000,1
3700;1000,1
3750;1000,1
3800;1000,1
3850;1000,1
3900;1000,1
3950;1000,1
4000;1000,1
4050;1000,1
4100;1000,1
4150;1000,1
4200;1000,1
4250;1000,1
4300;1000,1
4350;1000,1
4400;1000,1
4450;1000,0
4500;1000,0
4550;1000,1
4600;1000,1
4650;1000,1
4700;1000,1
4750;1000,1
4800;1000,1
4850;1000,1
4900;1000,1
4950;1000,4
0;1050,4
50;1050,0
100;1050,0
150;1050,0
200;1050,0
250;1050,0
300;1050,0
350;1050,0
400;1050,0
450;1050,0
500;1050,0
550;1050,0
600;1050,0
650;1050,0
700;1050,0
750;1050,0
800;1050,0
850;1050,1
900;1050,1
950;1050,1
1000;1050,1
1050;1050,1
1100;1050,1
1150;1050,1
1200;1050,1
1250;1050,1
1300;1050,1
1350;1050,1
1400;1050,1
1450;1050,1
1500;1050,1
1550;1050,1
1600;1050,1
1650;1050,1
1700;1050,1
1750;1050,1
1800;1050,1
1850;1050,1
1900;1050,1
1950;1050,1
2000;1050,1
2050;1050,1
2100;1050,1
2150;1050,1
2200;1050,1
2250;1050,1
2300;1050,1
2350;1050,1
2400;1050,1
2450;1050,1
2500;1050,1
2550;1050,1
2600;1050,1
2650;1050,1
2700;1050,1
2750;1050,1
2800;1050,1
2850;1050,1
2900;1050,1
2950;1050,1
3000;1050,1
3050;1050,1
3100;1050,1
3150;1050,1
3200;1050,1
3250;1050,1
3300;1050,1
3350;1050,1
3400;1050,1
3450;1050,1
3500;1050,1
3550;1050,1
3600;1050,1
3650;1050,1
3700;1050,1
3750;1050,1
3800;1050,1
3850;1050,1
3900;1050,1
3950;1050,1
4000;1050,1
4050;1050,1
4100;1050,1
4150;1050,1
4200;1050,1
4250;1050,1
4300;1050,1
4350;1050,1
4400;1050,1
4450;1050,1
4500;1050,1
4550;1050,1
4600;1050,1
4650;1050,1
4700;1050,1
4750;1050,1
4800;1050,1
4850;1050,1
4900;1050,1
4950;1050,4
0;1100,4
50;1100,0
100;1100,0
150;1100,0
200;1100,0
250;1100,0
300;1100,0
350;1100,0
400;1100,0
450;1100,0
500;1100,0
550;1100,0
600;1100,0
650;1100,0
700;1100,2
750;1100,2
800;1100,2
850;1100,2
900;1100,2
950;1100,2
1000;1100,2
1050;1100,2
1100;1100,2
1150;1100,2
1200;1100,2
1250;1100,2
1300;1100,2
1350;1100,2
1400;1100,2
1450;1100,2
1500;1100,2
1550;1100,2
1600;1100,2
1650;1100,2
1700;1100,2
1750;1100,2
1800;1100,2
1850;1100,2
1900;1100,2
1950;1100,2
2000;1100,2
2050;1100,2
2100;1100,2
2150;1100,2
2200;1100,2
2250;1100,2
2300;1100,2
2350;1100,2
2400;1100,2
2450;1100,2
2500;1100,2
2550;1100,2
2600;1100,2
2650;1100,2
2700;1100,2
2750;1100,2
2800;1100,2
2850;1100,2
2900;1100,2
2950;1100,2
3000;1100,2
3050;1100,2
3100;1100,2
3150;1100,2
3200;1100,2
3250;1100,2
3300;1100,2
3350;1100,2
3400;1100,2
3450;1100,2
3500;1100,2
3550;1100,2
3600;1100,2
3650;1100,2
3700;1100,2
3750;1100,2
3800;1100,2
3850;1100,2
3900;1100,2
3950;1100,2
4000;1100,2
4050;1100,2
4100;1100,2
4150;1100,2
4200;1100,2
4250;1100,2
4300;1100,2
4350;1100,2
4400;1100,2
4450;1100,2
4500;1100,2
4550;1100,2
4600;1100,2
4650;1100,2
4700;1100,2
4750;1100,2
4800;1100,2
4850;1100,2
4900;1100,2
4950;1100,4
0;1150,4
50;1150,0
100;1150,0
150;1150,0
200;1150,0
250;1150,0
300;1150,0
350;1150,0
400;1150,0
450;1150,0
500;1150,0
550;1150,0
600;1150,2
650;1150,2
700;1150,2
750;1150,2
800;1150,2
850;1150,2
900;1150,2
950;1150,2
1000;1150,2
1050;1150,2
1100;1150,2
1150;1150,2
1200;1150,2
1250;1150,2
1300;1150,2
1350;1150,2
1400;1150,2
1450;1150,2
1500;1150,2
1550;1150,2
1600;1150,2
1650;1150,2
1700;1150,2
1750;1150,2
1800;1150,2
1850;1150,2
1900;1150,2
1950;1150,2
2000;1150,2
2050;1150,2
2100;1150,2
2150;1150,2
2200;1150,2
2250;1150,2
2300;1150,2
2350;1150,2
2400;1150,2
2450;1150,2
2500;1150,2
2550;1150,2
2600;1150,2
2650;1150,2
2700;1150,2
2750;1150,2
2800;1150,2
2850;1150,2
2900;1150,2
2950;1150,2
3000;1150,2
3050;1150,2
3100;1150,2
3150;1150,2
3200;1150,2
3250;1150,2
3300;1150,2
3350;1150,2
3400;1150,2
3450;1150,2
3500;1150,2
3550;1150,2
3600;1150,2
3650;1150,2
3700;1150,2
3750;1150,2
3800;1150,2
3850;1150,2
3900;1150,2
3950;1150,2
4000;1150,2
4050;1150,2
4100;1150,2
4150;1150,2
4200;1150,2
4250;1150,2
4300;1150,2
4350;1150,2
4400;1150,2
4450;1150,2
4500;1150,2
4550;1150,2
4600;1150,2
4650;1150,2
4700;1150,2
4750;1150,2
4800;1150,2
4850;1150,2
4900;1150,2
4950;1150,4
0;1200,4
50;1200,0
100;1200,0
150;1200,0
200;1200,0
250;1200,0
300;1200,0
350;1200,0
400;1200,0
450;1200,0
500;1200,2
550;1200,2
600;1200,2
650;1200,2
700;1200,2
750;1200,2
800;1200,2
850;1200,2
900;1200,2
950;1200,2
1000;1200,2
1050;1200,2
1100;1200,2
1150;1200,2
1200;1200,2
1250;1200,2
1300;1200,2
1350;1200,2
1400;1200,2
1450;1200,2
1500;1200,2
1550;1200,2
1600;1200,2
1650;1200,2
1700;1200,2
1750;1200,2
1800;1200,2
1850;1200,2
1900;1200,2
1950;1200,2
2000;1200,2
2050;1200,2
2100;1200,2
2150;1200,2
2200;1200,2
2250;1200,2
2300;1200,2
2350;1200,2
2400;1200,2
2450;1200,2
2500;1200,2
2550;1200,2
2600;1200,2
2650;1200,2
2700;1200,2
2750;1200,2
2800;1200,2
2850;1200,2
2900;1200,2
2950;1200,2
3000;1200,2
3050;1200,2
3100;1200,2
3150;1200,2
3200;1200,2
3250;1200,2
3300;1200,2
3350;1200,2
3400;1200,2
3450;1200,2
3500;1200,2
3550;1200,2
3600;1200,2
3650;1200,2
3700;1200,2
3750;1200,2
3800;1200,2
3850;1200,2
3900;1200,2
3950;1200,2
4000;1200,2
4050;1200,2
4100;1200,2
4150;1200,2
4200;1200,2
4250;1200,2
4300;1200,2
4350;1200,2
4400;1200,2
4450;1200,2
4500;1200,2
4550;1200,2
4600;1200,2
4650;1200,2
4700;1200,2
4750;1200,2
4800;1200,2
4850;1200,2
4900;1200,2
4950;1200,4
0;1250,4
50;1250,2
100;1250,2
150;1250,2
200;1250,2
250;1250,2
300;1250,2
350;1250,2
400;1250,2
450;1250,2
500;1250,2
550;1250,2
600;1250,2
650;1250,2
700;1250,2
750;1250,2
800;1250,2
850;1250,2
900;1250,2
950;1250,2
1000;1250,2
1050;1250,2
1100;1250,2
1150;1250,2
1200;1250,2
1250;1250,2
1300;1250,2
1350;1250,2
1400;1250,2
1450;1250,2
1500;1250,2
1550;1250,2
1600;1250,2
1650;1250,2
1700;1250,2
1750;1250,2
1800;1250,2
1850;1250,2
1900;1250,2
1950;1250,2
2000;1250,2
2050;1250,2
2100;1250,2
2150;1250,2
2200;1250,2
2250;1250,2
2300;1250,2
2350;1250,2
2400;1250,2
2450;1250,2
2500;1250,2
2550;1250,2
2600;1250,2
2650;1250,2
2700;1250,2
2750;1250,2
2800;1250,2
2850;1250,2
2900;1250,2
2950;1250,2
3000;1250,2
3050;1250,2
3100;1250,2
3150;1250,2
3200;1250,2
3250;1250,2
3300;1250,2
3350;1250,2
3400;1250,2
3450;1250,2
3500;1250,2
3550;1250,2
3600;1250,2
3650;1250,2
3700;1250,2
3750;1250,2
3800;1250,2
3850;1250,2
3900;1250,2
3950;1250,2
4000;1250,2
4050;1250,2
4100;1250,2
4150;1250,2
4200;1250,2
4250;1250,2
4300;1250,2
4350;1250,2
4400;1250,2
4450;1250,2
4500;1250,2
4550;1250,2
4600;1250,2
4650;1250,2
4700;1250,2
4750;1250,2
4800;1250,2
4850;1250,2
4900;1250,2
4950;1250,4
0;1300,4
50;1300,2
100;1300,2
150;1300,2
200;1300,2
250;1300,2
300;1300,2
350;1300,2
400;1300,2
450;1300,2
500;1300,2
550;1300,2
600;1300,2
650;1300,2
700;1300,2
750;1300,2
800;1300,2
850;1300,2
900;1300,2
950;1300,2
1000;1300,2
1050;1300,2
1100;1300,2
1150;1300,2
1200;1300,2
1250;1300,2
1300;1300,2
1350;1300,2
1400;1300,2
1450;1300,2
1500;1300,2
1550;1300,2
1600;1300,2
1650;1300,2
1700;1300,2
1750;1300,2
1800;1300,2
1850;1300,2
1900;1300,2
1950;1300,2
2000;1300,2
2050;1300,2
2100;1300,2
2150;1300,2
2200;1300,2
2250;1300,2
2300;1300,2
2350;1300,2
2400;1300,2
2450;1300,2
2500;1300,2
2550;1300,2
2600;1300,2
2650;1300,2
2700;1300,2
2750;1300,2
2800;1300,2
2850;1300,2
2900;1300,2
2950;1300,2
3000;1300,2
3050;1300,2
3100;1300,2
3150;1300,2
3200;1300,2
3250;1300,2
3300;1300,2
3350;1300,2
3400;1300,2
3450;1300,2
3500;1300,2
3550;1300,2
3600;1300,2
3650;1300,2
3700;1300,2
3750;1300,2
3800;1300,2
3850;1300,2
3900;1300,2
3950;1300,2
4000;1300,2
4050;1300,2
4100;1300,2
4150;1300,2
4200;1300,2
4250;1300,2
4300;1300,2
4350;1300,2
4400;1300,2
4450;1300,2
4500;1300,2
4550;1300,2
4600;1300,2
4650;1300,2
4700;1300,2
4750;1300,2
4800;1300,2
4850;1300,2
4900;1300,2
4950;1300,4
0;1350,4
50;1350,2
100;1350,2
150;1350,2
200;1350,2
250;1350,2
300;1350,2
350;1350,2
400;1350,2
450;1350,2
500;1350,2
550;1350,2
600;1350,2
650;1350,2
700;1350,2
750;1350,2
800;1350,2
850;1350,2
900;1350,2
950;1350,2
1000;1350,2
1050;1350,2
1100;1350,2
1150;1350,2
1200;1350,2
1250;1350,2
1300;1350,2
1350;1350,2
1400;1350,2
1450;1350,2
1500;1350,2
1550;1350,2
1600;1350,2
1650;1350,2
1700;1350,2
1750;1350,2
1800;1350,2
1850;1350,2
1900;1350,2
1950;1350,2
2000;1350,2
2050;1350,2
2100;1350,2
2150;1350,2
2200;1350,2
2250;1350,2
2300;1350,2
2350;1350,2
2400;1350,2
2450;1350,2
2500;1350,2
2550;1350,2
2600;1350,2
2650;1350,2
2700;1350,2
2750;1350,2
2800;1350,2
2850;1350,2
2900;1350,2
2950;1350,2
3000;1350,2
3050;1350,2
3100;1350,2
3150;1350,2
3200;1350,2
3250;1350,2
3300;1350,2
3350;1350,2
3400;1350,2
3450;1350,2
3500;1350,2
3550;1350,2
3600;1350,2
3650;1350,2
3700;1350,2
3750;1350,2
3800;1350,2
3850;1350,2
3900;1350,2
3950;1350,2
4000;1350,2
4050;1350,2
4100;1350,2
4150;1350,2
4200;1350,2
4250;1350,2
4300;1350,2
4350;1350,2
4400;1350,2
4450;1350,2
4500;1350,2
4550;1350,2
4600;1350,2
4650;1350,2
4700;1350,2
4750;1350,2
4800;1350,2
4850;1350,2
4900;1350,2
4950;1350,4
0;1400,4
50;1400,2
100;1400,2
150;1400,2
200;1400,2
250;1400,2
300;1400,2
350;1400,2
400;1400,2
450;1400,2
500;1400,2
550;1400,2
600;1400,2
650;1400,2
700;1400,2
750;1400,2
800;1400,2
850;1400,2
900;1400,2
950;1400,2
1000;1400,2
1050;1400,2
1100;1400,2
1150;1400,2
1200;1400,2
1250;1400,2
1300;1400,2
1350;1400,2
1400;1400,2
1450;1400,2
1500;1400,2
1550;1400,2
1600;1400,2
1650;1400,2
1700;1400,2
1750;1400,2
1800;1400,2
1850;1400,2
1900;1400,2
1950;1400,2
2000;1400,2
2050;1400,2
2100;1400,2
2150;1400,2
2200;1400,2
2250;1400,2
2300;1400,2
2350;1400,2
2400;1400,2
2450;1400,2
2500;1400,2
2550;1400,2
2600;1400,2
2650;1400,2
2700;1400,2
2750;1400,2
2800;1400,2
2850;1400,2
2900;1400,2
2950;1400,2
3000;1400,2
3050;1400,2
3100;1400,2
3150;1400,2
3200;1400,2
3250;1400,2
3300;1400,2
3350;1400,2
3400;1400,2
3450;1400,2
3500;1400,2
3550;1400,2
3600;1400,2
3650;1400,2
3700;1400,2
3750;1400,2
3800;1400,2
3850;1400,2
3900;1400,2
3950;1400,2
4000;1400,2
4050;1400,2
4100;1400,2
4150;1400,2
4200;1400,2
4250;1400,2
4300;1400,2
4350;1400,2
4400;1400,2
4450;1400,2
4500;1400,2
4550;1400,2
4600;1400,2
4650;1400,2
4700;1400,2
4750;1400,2
4800;1400,2
4850;1400,2
4900;1400,2
4950;1400,4
0;1450,4
50;1450,4
100;1450,4
150;1450,4
200;1450,4
250;1450,4
300;1450,4
350;1450,4
400;1450,4
450;1450,4
500;1450,4
550;1450,4
600;1450,4
650;1450,4
700;1450,4
750;1450,4
800;1450,4
850;1450,4
900;1450,4
950;1450,4
1000;1450,4
1050;1450,4
1100;1450,4
1150;1450,4
1200;1450,4
1250;1450,4
1300;1450,4
1350;1450,4
1400;1450,4
1450;1450,4
1500;1450,4
1550;1450,4
1600;1450,4
1650;1450,4
1700;1450,4
1750;1450,4
1800;1450,4
1850;1450,4
1900;1450,4
1950;1450,4
2000;1450,4
2050;1450,4
2100;1450,4
2150;1450,4
2200;1450,4
2250;1450,4
2300;1450,4
2350;1450,4
2400;1450,4
2450;1450,4
2500;1450,4
2550;1450,4
2600;1450,4
2650;1450,4
2700;1450,4
2750;1450,4
2800;1450,4
2850;1450,4
2900;1450,4
2950;1450,4
3000;1450,4
3050;1450,4
3100;1450,4
3150;1450,4
3200;1450,4
3250;1450,4
3300;1450,4
3350;1450,4
3400;1450,4
3450;1450,4
3500;1450,4
3550;1450,4
3600;1450,4
3650;1450,4
3700;1450,4
3750;1450,4
3800;1450,4
3850;1450,4
3900;1450,4
3950;1450,4
4000;1450,4
4050;1450,4
4100;1450,4
4150;1450,4
4200;1450,4
4250;1450,4
4300;1450,4
4350;1450,4
4400;1450,4
4450;1450,4
4500;1450,4
4550;1450,4
4600;1450,4
4650;1450,4
4700;1450,4
4750;1450,4
4800;1450,4
4850;1450,4
4900;1450,4
4950;1450,4
